{"cameraMode":{"drawMode":0,"name":"Shaded","section":"Shading Mode"},"sceneLighting":false,"audioPlay":false,"sceneViewState":{"showFog":true,"showMaterialUpdate":false,"showSkybox":true,"showFlares":true,"showImageEffects":true,"showParticleSystems":true},"in2DMode":false,"pivot":{"x":5.279414176940918,"y":2.118717670440674,"z":3.585463523864746},"rotation":{"x":-0.0898023396730423,"y":-0.09189552813768387,"z":0.008321681059896946,"w":-0.9916761517524719},"size":13.359021186828614,"orthographic":false}