{"cameraMode":{"drawMode":0,"name":"Shaded","section":"Shading Mode"},"sceneLighting":false,"audioPlay":false,"sceneViewState":{"showFog":true,"showMaterialUpdate":false,"showSkybox":true,"showFlares":true,"showImageEffects":true,"showParticleSystems":true},"in2DMode":false,"pivot":{"x":0.03685593605041504,"y":0.33757877349853518,"z":-1.1542761325836182},"rotation":{"x":-0.03904514014720917,"y":0.7604213356971741,"z":-0.04591646045446396,"w":-0.6466270685195923},"size":2.0638816356658937,"orthographic":false}