{"cameraMode":{"drawMode":0,"name":"Shaded","section":"Shading Mode"},"sceneLighting":false,"audioPlay":false,"sceneViewState":{"showFog":true,"showMaterialUpdate":false,"showSkybox":true,"showFlares":true,"showImageEffects":true,"showParticleSystems":true},"in2DMode":false,"pivot":{"x":-0.6959697604179382,"y":3.3332204818725588,"z":0.9774935245513916},"rotation":{"x":-0.00003245348125346936,"y":-0.9993405342102051,"z":0.03630179911851883,"w":-0.0008929520263336599},"size":1.0205388069152833,"orthographic":false}